INSERT INTO users (id, full_name, email, password_hash, role, group_name, department, personal_data_consent)
VALUES
('00000000-0000-0000-0000-000000000001', 'Admin SmartCampus', 'admin@example.com', '$2a$10$m17ZMNli50TPPdBOlvodaeyZvomPMhsUvl.Gb.sVrdv2L7qO.X5M6', 'admin', NULL, 'Administration', TRUE),
('00000000-0000-0000-0000-000000000002', 'Teacher SmartCampus', 'teacher@example.com', '$2a$10$FFxHSu.AL/QEeVPPJxu7vOrlvIG01vQIaHOodTpgrpAM/iGYKlcfm', 'teacher', NULL, 'Computer Science', TRUE),
('00000000-0000-0000-0000-000000000003', 'Student SmartCampus', 'student@example.com', '$2a$10$Vfx2K/A0W0eellSyw57pueHh7yB90GEjWXVQp.OoDjTLFCqhlnmuS', 'student', 'ИСП-21', 'Computer Science', TRUE),
('00000000-0000-0000-0000-000000000004', 'Applicant SmartCampus', 'applicant@example.com', '$2a$10$RwqBZax3q718vpROq84jROiEBwK.BuY5rPGjttXYDXJABxO3Vx9Wu', 'applicant', NULL, NULL, TRUE),
('00000000-0000-0000-0000-000000000005', 'Librarian SmartCampus', 'librarian@example.com', '$2a$10$1NyujgoL0mu.ny/VGOpbHef8w7hDwLqY4R6zyal12Zeh3BQCcaSFu', 'librarian', NULL, 'Library', TRUE)
ON CONFLICT (email) DO NOTHING;

INSERT INTO buildings (id, name, code, address, description, is_old_building, navigation_mode)
VALUES
('10000000-0000-0000-0000-000000000001', 'Корпус A', 'A', 'Главная площадь, 1', 'Старый учебный корпус с текстовой навигацией', TRUE, 'text'),
('10000000-0000-0000-0000-000000000002', 'Корпус B', 'B', 'Главная площадь, 2', 'Новый учебный корпус', FALSE, 'mixed'),
('10000000-0000-0000-0000-000000000003', 'Библиотека', 'LIB', 'Главная площадь, 3', 'Университетская библиотека', FALSE, 'text')
ON CONFLICT (code) DO NOTHING;

INSERT INTO floors (id, building_id, number, name, description)
VALUES
('20000000-0000-0000-0000-000000000001', '10000000-0000-0000-0000-000000000001', 1, '1 этаж', 'Входная группа и лекционные аудитории'),
('20000000-0000-0000-0000-000000000002', '10000000-0000-0000-0000-000000000001', 2, '2 этаж', 'Коворкинги и проектные аудитории'),
('20000000-0000-0000-0000-000000000003', '10000000-0000-0000-0000-000000000001', 3, '3 этаж', 'Компьютерные классы'),
('20000000-0000-0000-0000-000000000004', '10000000-0000-0000-0000-000000000002', 1, '1 этаж', 'Административная зона'),
('20000000-0000-0000-0000-000000000005', '10000000-0000-0000-0000-000000000002', 2, '2 этаж', 'Переговорные аудитории'),
('20000000-0000-0000-0000-000000000006', '10000000-0000-0000-0000-000000000003', 1, 'Читальный зал', 'Каталог и зона выдачи')
ON CONFLICT (building_id, number) DO NOTHING;

INSERT INTO rooms (id, building_id, floor_id, number, name, type, capacity, equipment, navigation_hint, nearby_landmarks, x_coord, y_coord)
VALUES
('30000000-0000-0000-0000-000000000001', '10000000-0000-0000-0000-000000000001', '20000000-0000-0000-0000-000000000001', 'A-101', 'Лекционная аудитория 101', 'lecture', 80, '["projector","whiteboard"]', 'Войдите через главный вход корпуса A, аудитория справа от лестницы.', 'Рядом пост охраны и гардероб', NULL, NULL),
('30000000-0000-0000-0000-000000000002', '10000000-0000-0000-0000-000000000001', '20000000-0000-0000-0000-000000000002', 'A-205', 'Коворкинг 205', 'coworking', 20, '["projector","whiteboard"]', 'Поднимитесь на 2 этаж по центральной лестнице, поверните налево.', 'Рядом зона отдыха', NULL, NULL),
('30000000-0000-0000-0000-000000000003', '10000000-0000-0000-0000-000000000001', '20000000-0000-0000-0000-000000000003', 'A-305', 'Компьютерный класс 305', 'computer_lab', 28, '["computers","projector","whiteboard"]', 'Корпус A, 3 этаж. От центральной лестницы поверните направо, аудитория 305 в конце коридора.', 'Рядом кафедра информатики и стенд расписания', NULL, NULL),
('30000000-0000-0000-0000-000000000004', '10000000-0000-0000-0000-000000000002', '20000000-0000-0000-0000-000000000005', 'B-210', 'Переговорная 210', 'meeting', 12, '["tv","whiteboard"]', 'Корпус B, 2 этаж. После лифта поверните направо.', 'Рядом переговорная B-211', 420, 180),
('30000000-0000-0000-0000-000000000005', '10000000-0000-0000-0000-000000000003', '20000000-0000-0000-0000-000000000006', 'LIB-101', 'Читальный зал', 'library', 40, '["reading_area","catalog_pc"]', 'Войдите в библиотеку, стойка выдачи прямо, читальный зал слева.', 'Рядом электронный каталог', NULL, NULL)
ON CONFLICT (building_id, number) DO NOTHING;

INSERT INTO campus_routes (id, from_building_id, to_building_id, title, description, estimated_minutes, distance_meters, route_type, accessibility_notes)
VALUES
('40000000-0000-0000-0000-000000000001', '10000000-0000-0000-0000-000000000001', '10000000-0000-0000-0000-000000000002', 'A -> B', 'Выйдите из главного входа корпуса A, поверните направо, идите 200 метров до корпуса B.', 4, 200, 'walking', 'Маршрут без лестниц по улице.'),
('40000000-0000-0000-0000-000000000002', '10000000-0000-0000-0000-000000000001', '10000000-0000-0000-0000-000000000003', 'A -> LIB', 'От корпуса A пройти через внутренний двор, вход в библиотеку слева.', 5, 260, 'walking', 'Во дворе есть пандус.'),
('40000000-0000-0000-0000-000000000003', '10000000-0000-0000-0000-000000000002', '10000000-0000-0000-0000-000000000003', 'B -> LIB', 'От корпуса B пройти вдоль спортивного зала, затем повернуть налево.', 6, 320, 'mixed', 'Часть маршрута проходит внутри перехода.')
ON CONFLICT DO NOTHING;

INSERT INTO schedules (id, room_id, title, teacher_id, teacher_name, group_name, starts_at, ends_at, created_by)
VALUES
('50000000-0000-0000-0000-000000000001', '30000000-0000-0000-0000-000000000003', 'Базы данных', '00000000-0000-0000-0000-000000000002', 'Teacher SmartCampus', 'ИСП-21', (CURRENT_DATE + TIME '09:00')::timestamptz, (CURRENT_DATE + TIME '10:30')::timestamptz, '00000000-0000-0000-0000-000000000001'),
('50000000-0000-0000-0000-000000000002', '30000000-0000-0000-0000-000000000003', 'Web-разработка', '00000000-0000-0000-0000-000000000002', 'Teacher SmartCampus', 'ИСП-21', (CURRENT_DATE + TIME '12:00')::timestamptz, (CURRENT_DATE + TIME '13:30')::timestamptz, '00000000-0000-0000-0000-000000000001'),
('50000000-0000-0000-0000-000000000003', '30000000-0000-0000-0000-000000000002', 'Проектная работа', '00000000-0000-0000-0000-000000000002', 'Teacher SmartCampus', 'ИСП-22', (CURRENT_DATE + TIME '14:00')::timestamptz, (CURRENT_DATE + TIME '15:30')::timestamptz, '00000000-0000-0000-0000-000000000001')
ON CONFLICT DO NOTHING;

INSERT INTO applicant_faq (id, question, answer, category, keywords)
VALUES
('60000000-0000-0000-0000-000000000001', 'Какие документы нужны для поступления?', 'Для поступления нужны паспорт, документ об образовании, СНИЛС при наличии, фотографии и заявление. Точный список уточняйте в приемной комиссии.', 'documents', '["документы","паспорт","снилс","поступление"]'),
('60000000-0000-0000-0000-000000000002', 'Когда заканчивается прием документов?', 'Прием документов на очную форму обычно завершается в конце июля. Актуальные даты публикуются в разделе приемной комиссии.', 'deadlines', '["сроки","дедлайн","прием документов"]'),
('60000000-0000-0000-0000-000000000003', 'Где находится приемная комиссия?', 'Приемная комиссия находится в корпусе A на первом этаже, кабинет A-101 рядом с главным входом.', 'contacts', '["приемная комиссия","адрес","где находится"]'),
('60000000-0000-0000-0000-000000000004', 'Какие есть направления подготовки?', 'Доступны направления по ИТ, экономике, педагогике, инженерным и гуманитарным программам. Полный список есть на сайте университета.', 'programs', '["направления","специальности","программы"]'),
('60000000-0000-0000-0000-000000000005', 'Можно ли подать документы онлайн?', 'Да, документы можно подать онлайн через личный кабинет абитуриента или через Госуслуги, если направление поддерживает электронную подачу.', 'online', '["онлайн","подать","госуслуги"]')
ON CONFLICT DO NOTHING;

INSERT INTO library_books (id, title, author, category, description, total_copies, available_copies, location)
VALUES
('70000000-0000-0000-0000-000000000001', 'Введение в базы данных', 'К. Дейт', 'databases', 'Базовый учебник по реляционным базам данных.', 3, 3, 'LIB-101, стеллаж DB-1'),
('70000000-0000-0000-0000-000000000002', 'Алгоритмы и структуры данных', 'Т. Кормен', 'algorithms', 'Классическое пособие по алгоритмам.', 2, 2, 'LIB-101, стеллаж CS-2'),
('70000000-0000-0000-0000-000000000003', 'Компьютерные сети', 'Э. Таненбаум', 'networks', 'Учебник по сетевым технологиям.', 4, 4, 'LIB-101, стеллаж NET-1'),
('70000000-0000-0000-0000-000000000004', 'Чистая архитектура', 'Р. Мартин', 'software', 'Книга о проектировании поддерживаемых систем.', 2, 2, 'LIB-101, стеллаж SE-1')
ON CONFLICT DO NOTHING;
