UPDATE users
SET group_name='ИСИП-21', department='Computer Science', updated_at=NOW()
WHERE id='00000000-0000-0000-0000-000000000003';

INSERT INTO users (id, full_name, email, password_hash, role, group_name, department, personal_data_consent)
VALUES
('00000000-0000-0000-0000-000000000010', 'Анна Орлова', 'anna.orlova@example.com', '$2a$10$Vfx2K/A0W0eellSyw57pueHh7yB90GEjWXVQp.OoDjTLFCqhlnmuS', 'student', 'ИСИП-21', 'Computer Science', TRUE),
('00000000-0000-0000-0000-000000000011', 'Тимур Сафин', 'timur.safin@example.com', '$2a$10$Vfx2K/A0W0eellSyw57pueHh7yB90GEjWXVQp.OoDjTLFCqhlnmuS', 'student', 'ИСИП-21', 'Computer Science', TRUE),
('00000000-0000-0000-0000-000000000012', 'Мария Белова', 'maria.belova@example.com', '$2a$10$Vfx2K/A0W0eellSyw57pueHh7yB90GEjWXVQp.OoDjTLFCqhlnmuS', 'student', 'ИСИП-21', 'Computer Science', TRUE),
('00000000-0000-0000-0000-000000000013', 'Никита Морозов', 'nikita.morozov@example.com', '$2a$10$Vfx2K/A0W0eellSyw57pueHh7yB90GEjWXVQp.OoDjTLFCqhlnmuS', 'student', 'ИСИП-22', 'Computer Science', TRUE),
('00000000-0000-0000-0000-000000000014', 'Ева Кузнецова', 'eva.kuznetsova@example.com', '$2a$10$Vfx2K/A0W0eellSyw57pueHh7yB90GEjWXVQp.OoDjTLFCqhlnmuS', 'student', 'ИСИП-22', 'Computer Science', TRUE),
('00000000-0000-0000-0000-000000000015', 'Данил Волков', 'danil.volkov@example.com', '$2a$10$Vfx2K/A0W0eellSyw57pueHh7yB90GEjWXVQp.OoDjTLFCqhlnmuS', 'student', 'ИСИП-22', 'Computer Science', TRUE)
ON CONFLICT (id) DO UPDATE
SET full_name=EXCLUDED.full_name,
    email=EXCLUDED.email,
    role=EXCLUDED.role,
    group_name=EXCLUDED.group_name,
    department=EXCLUDED.department,
    personal_data_consent=EXCLUDED.personal_data_consent,
    is_active=TRUE,
    updated_at=NOW();

INSERT INTO attendance_sessions (id, schedule_id, room_id, teacher_id, title, starts_at, ends_at)
VALUES
('80000000-0000-0000-0000-000000000001', '50000000-0000-0000-0000-000000000001', '30000000-0000-0000-0000-000000000003', '00000000-0000-0000-0000-000000000002', 'Базы данных: SQL и нормализация', (CURRENT_DATE - INTERVAL '21 days' + TIME '09:00')::timestamptz, (CURRENT_DATE - INTERVAL '21 days' + TIME '10:30')::timestamptz),
('80000000-0000-0000-0000-000000000002', '50000000-0000-0000-0000-000000000002', '30000000-0000-0000-0000-000000000003', '00000000-0000-0000-0000-000000000002', 'Web-разработка: HTTP API', (CURRENT_DATE - INTERVAL '18 days' + TIME '12:00')::timestamptz, (CURRENT_DATE - INTERVAL '18 days' + TIME '13:30')::timestamptz),
('80000000-0000-0000-0000-000000000003', '50000000-0000-0000-0000-000000000003', '30000000-0000-0000-0000-000000000002', '00000000-0000-0000-0000-000000000002', 'Проектная работа: MVP', (CURRENT_DATE - INTERVAL '14 days' + TIME '14:00')::timestamptz, (CURRENT_DATE - INTERVAL '14 days' + TIME '15:30')::timestamptz),
('80000000-0000-0000-0000-000000000004', '50000000-0000-0000-0000-000000000001', '30000000-0000-0000-0000-000000000003', '00000000-0000-0000-0000-000000000002', 'Базы данных: транзакции', (CURRENT_DATE - INTERVAL '10 days' + TIME '09:00')::timestamptz, (CURRENT_DATE - INTERVAL '10 days' + TIME '10:30')::timestamptz),
('80000000-0000-0000-0000-000000000005', '50000000-0000-0000-0000-000000000002', '30000000-0000-0000-0000-000000000003', '00000000-0000-0000-0000-000000000002', 'Web-разработка: тестирование', (CURRENT_DATE - INTERVAL '7 days' + TIME '12:00')::timestamptz, (CURRENT_DATE - INTERVAL '7 days' + TIME '13:30')::timestamptz),
('80000000-0000-0000-0000-000000000006', '50000000-0000-0000-0000-000000000003', '30000000-0000-0000-0000-000000000002', '00000000-0000-0000-0000-000000000002', 'Проектная работа: защита спринта', (CURRENT_DATE - INTERVAL '3 days' + TIME '14:00')::timestamptz, (CURRENT_DATE - INTERVAL '3 days' + TIME '15:30')::timestamptz)
ON CONFLICT (id) DO UPDATE
SET title=EXCLUDED.title,
    starts_at=EXCLUDED.starts_at,
    ends_at=EXCLUDED.ends_at;

INSERT INTO attendance_records (attendance_session_id, student_id, status, marked_by, comment)
VALUES
('80000000-0000-0000-0000-000000000001', '00000000-0000-0000-0000-000000000003', 'present', '00000000-0000-0000-0000-000000000002', NULL),
('80000000-0000-0000-0000-000000000002', '00000000-0000-0000-0000-000000000003', 'present', '00000000-0000-0000-0000-000000000002', NULL),
('80000000-0000-0000-0000-000000000003', '00000000-0000-0000-0000-000000000003', 'late', '00000000-0000-0000-0000-000000000002', 'Опоздание 12 минут'),
('80000000-0000-0000-0000-000000000004', '00000000-0000-0000-0000-000000000003', 'present', '00000000-0000-0000-0000-000000000002', NULL),
('80000000-0000-0000-0000-000000000005', '00000000-0000-0000-0000-000000000003', 'absent', '00000000-0000-0000-0000-000000000002', 'Не был на паре'),
('80000000-0000-0000-0000-000000000006', '00000000-0000-0000-0000-000000000003', 'present', '00000000-0000-0000-0000-000000000002', NULL),

('80000000-0000-0000-0000-000000000001', '00000000-0000-0000-0000-000000000010', 'present', '00000000-0000-0000-0000-000000000002', NULL),
('80000000-0000-0000-0000-000000000002', '00000000-0000-0000-0000-000000000010', 'present', '00000000-0000-0000-0000-000000000002', NULL),
('80000000-0000-0000-0000-000000000003', '00000000-0000-0000-0000-000000000010', 'present', '00000000-0000-0000-0000-000000000002', NULL),
('80000000-0000-0000-0000-000000000004', '00000000-0000-0000-0000-000000000010', 'present', '00000000-0000-0000-0000-000000000002', NULL),
('80000000-0000-0000-0000-000000000005', '00000000-0000-0000-0000-000000000010', 'present', '00000000-0000-0000-0000-000000000002', NULL),
('80000000-0000-0000-0000-000000000006', '00000000-0000-0000-0000-000000000010', 'present', '00000000-0000-0000-0000-000000000002', NULL),

('80000000-0000-0000-0000-000000000001', '00000000-0000-0000-0000-000000000011', 'present', '00000000-0000-0000-0000-000000000002', NULL),
('80000000-0000-0000-0000-000000000002', '00000000-0000-0000-0000-000000000011', 'late', '00000000-0000-0000-0000-000000000002', 'Опоздание 8 минут'),
('80000000-0000-0000-0000-000000000003', '00000000-0000-0000-0000-000000000011', 'absent', '00000000-0000-0000-0000-000000000002', 'Пропуск без уважительной причины'),
('80000000-0000-0000-0000-000000000004', '00000000-0000-0000-0000-000000000011', 'present', '00000000-0000-0000-0000-000000000002', NULL),
('80000000-0000-0000-0000-000000000005', '00000000-0000-0000-0000-000000000011', 'late', '00000000-0000-0000-0000-000000000002', 'Опоздание 5 минут'),
('80000000-0000-0000-0000-000000000006', '00000000-0000-0000-0000-000000000011', 'present', '00000000-0000-0000-0000-000000000002', NULL),

('80000000-0000-0000-0000-000000000001', '00000000-0000-0000-0000-000000000012', 'present', '00000000-0000-0000-0000-000000000002', NULL),
('80000000-0000-0000-0000-000000000002', '00000000-0000-0000-0000-000000000012', 'excused', '00000000-0000-0000-0000-000000000002', 'Справка'),
('80000000-0000-0000-0000-000000000003', '00000000-0000-0000-0000-000000000012', 'present', '00000000-0000-0000-0000-000000000002', NULL),
('80000000-0000-0000-0000-000000000004', '00000000-0000-0000-0000-000000000012', 'excused', '00000000-0000-0000-0000-000000000002', 'Уважительная причина'),
('80000000-0000-0000-0000-000000000005', '00000000-0000-0000-0000-000000000012', 'present', '00000000-0000-0000-0000-000000000002', NULL),
('80000000-0000-0000-0000-000000000006', '00000000-0000-0000-0000-000000000012', 'present', '00000000-0000-0000-0000-000000000002', NULL),

('80000000-0000-0000-0000-000000000001', '00000000-0000-0000-0000-000000000013', 'absent', '00000000-0000-0000-0000-000000000002', 'Нет отметки'),
('80000000-0000-0000-0000-000000000002', '00000000-0000-0000-0000-000000000013', 'late', '00000000-0000-0000-0000-000000000002', 'Опоздание 15 минут'),
('80000000-0000-0000-0000-000000000003', '00000000-0000-0000-0000-000000000013', 'absent', '00000000-0000-0000-0000-000000000002', 'Пропуск'),
('80000000-0000-0000-0000-000000000004', '00000000-0000-0000-0000-000000000013', 'present', '00000000-0000-0000-0000-000000000002', NULL),
('80000000-0000-0000-0000-000000000005', '00000000-0000-0000-0000-000000000013', 'absent', '00000000-0000-0000-0000-000000000002', 'Пропуск'),
('80000000-0000-0000-0000-000000000006', '00000000-0000-0000-0000-000000000013', 'present', '00000000-0000-0000-0000-000000000002', NULL),

('80000000-0000-0000-0000-000000000001', '00000000-0000-0000-0000-000000000014', 'present', '00000000-0000-0000-0000-000000000002', NULL),
('80000000-0000-0000-0000-000000000002', '00000000-0000-0000-0000-000000000014', 'present', '00000000-0000-0000-0000-000000000002', NULL),
('80000000-0000-0000-0000-000000000003', '00000000-0000-0000-0000-000000000014', 'excused', '00000000-0000-0000-0000-000000000002', 'Справка'),
('80000000-0000-0000-0000-000000000004', '00000000-0000-0000-0000-000000000014', 'present', '00000000-0000-0000-0000-000000000002', NULL),
('80000000-0000-0000-0000-000000000005', '00000000-0000-0000-0000-000000000014', 'late', '00000000-0000-0000-0000-000000000002', 'Опоздание 6 минут'),
('80000000-0000-0000-0000-000000000006', '00000000-0000-0000-0000-000000000014', 'present', '00000000-0000-0000-0000-000000000002', NULL),

('80000000-0000-0000-0000-000000000001', '00000000-0000-0000-0000-000000000015', 'absent', '00000000-0000-0000-0000-000000000002', 'Пропуск без уважительной причины'),
('80000000-0000-0000-0000-000000000002', '00000000-0000-0000-0000-000000000015', 'absent', '00000000-0000-0000-0000-000000000002', 'Пропуск'),
('80000000-0000-0000-0000-000000000003', '00000000-0000-0000-0000-000000000015', 'late', '00000000-0000-0000-0000-000000000002', 'Опоздание 20 минут'),
('80000000-0000-0000-0000-000000000004', '00000000-0000-0000-0000-000000000015', 'absent', '00000000-0000-0000-0000-000000000002', 'Пропуск'),
('80000000-0000-0000-0000-000000000005', '00000000-0000-0000-0000-000000000015', 'present', '00000000-0000-0000-0000-000000000002', NULL),
('80000000-0000-0000-0000-000000000006', '00000000-0000-0000-0000-000000000015', 'absent', '00000000-0000-0000-0000-000000000002', 'Пропуск')
ON CONFLICT (attendance_session_id, student_id) DO UPDATE
SET status=EXCLUDED.status,
    marked_by=EXCLUDED.marked_by,
    comment=EXCLUDED.comment,
    marked_at=NOW();
